driverId,name,ssn,location,certified,wage-plan
10,Kristen Small,536-24-2889,"74350 Ortiz Locks
New Ianchester, HI 72137",N,miles
11,Brian Brown,596-20-9270,"PSC 2521, Box 5372
APO AP 02173",N,miles
12,Karen Kennedy,705-44-7888,"7946 Corey Manor
Grantfurt, NY 23165",Y,hours
13,Christopher Phillips,578-90-4802,"55539 Rebecca Ridge Suite 810
Josephburgh, CA 78518",N,miles
14,Michael Reese,821-11-0141,"633 Mario Islands Apt. 625
South Nicholas, OH 19630",Y,miles
15,Jill Gonzalez,261-03-2549,"53676 Brown Vista
Johnfort, GU 54777",N,hours
16,Olivia Velez,710-22-2923,"PSC 7639, Box 1091
APO AE 48880",N,miles
17,Jerry Thompson,400-50-6870,"193 Robert Tunnel Suite 990
Mooreshire, VT 56858",Y,miles
18,Cindy Shaw,564-04-7801,"7222 Joseph Passage
Cassidyshire, WY 88984",Y,hours
19,Megan Norris,850-99-6533,"0273 Paul Cove
New Sandrashire, IN 06369",Y,miles
20,Miguel Hunt,465-70-8011,"201 Samuel Forges
Christophershire, ME 56092",Y,miles
21,Amy Patton,792-90-1238,"45706 Olsen Square Suite 317
South Angelaton, OH 83231",N,hours
22,Thomas Hall,446-99-2186,"4096 Miller Groves Suite 563
Jamesville, VA 52503",Y,miles
23,Stephen Phillips,659-60-7490,"833 William Station
South Krystal, MO 63132",N,miles
24,Molly Brown,832-50-2238,"633 Holmes Viaduct Suite 804
Lake Yesenia, UT 15007",N,miles
25,Ariel Robinson,253-37-0485,"404 Price Heights
Kellyville, SC 94472",N,miles
26,Edward Jones,677-31-2599,"2553 Kenneth Drives
South Henry, HI 63954",Y,hours
27,Dr. Kimberly Cochran,854-10-6078,"623 Maxwell Meadow Apt. 608
Port Andrew, NJ 77828",Y,hours
28,Christopher Brewer,166-17-6228,"2446 Nina Loop Suite 286
New Kaitlynville, IA 79040",N,hours
29,Justin Hamilton,439-88-6420,"83824 Miller Summit Apt. 890
Scottshire, WI 65745",Y,miles
30,John Cook,568-04-4115,"83206 Kristina Drive Apt. 319
West Robert, NM 43521",Y,miles
31,Eddie Moore,150-42-5793,"935 Ryan Isle Suite 386
West Grace, TN 10804",Y,hours
32,Michelle Daniels,016-12-7728,"3171 Johnson Pike Apt. 489
Stevenville, AR 13097",N,miles
33,Matthew Brown,643-38-5917,"969 Anna Views Suite 160
New Heather, MP 53089",N,miles
34,Michael Davis,571-04-9197,"44711 Mary Flats Suite 870
Dakotaburgh, MI 15673",Y,hours
35,Tamara Carroll,625-95-2168,"68706 Rita Pine
Richardchester, MH 07109",N,miles
36,Curtis Fisher,158-45-8948,"19301 Nicole Inlet
Thompsonstad, NV 95611",N,hours
37,Heather Martin,071-88-5196,"0132 Soto Point
Gonzalesport, SC 24293",N,miles
38,Tina Thompson,542-63-8094,"48487 Jeremy Track Apt. 843
Joseborough, NV 17385",N,miles
39,Andrea Flores,872-66-6420,"692 Henderson Court
Lake Karen, TX 23896",Y,hours
40,Kim Cooke,349-99-0347,"178 Pham Point Apt. 070
North Travis, MO 61852",N,miles
41,David Gordon,053-16-6911,"1627 Robert Forges
Brandybury, MD 58402",N,miles
42,Ashley Sampson,234-63-9530,"5980 Williams Divide
Johnside, WV 91740",N,hours
43,Catherine Ritter,861-77-0556,"0322 Andrew Place
New Steven, CO 61587",N,miles
44,Christopher Powell,769-26-6820,"USNV Mendoza
FPO AP 30316",Y,miles
45,Angela Garcia,378-79-7868,"PSC 8300, Box 6647
APO AE 10003",Y,hours
46,Erin Dominguez,224-24-3643,"183 John Mount
East Michaelburgh, GU 53774",Y,hours
47,Mallory Phelps,246-83-6035,"128 Angela Trafficway Suite 678
Lake Katherinestad, VI 92349",N,miles
48,Thomas Rodriguez,015-50-2857,"08264 Jackson Park
East Christinaborough, HI 54329",N,hours
49,John Baker,764-07-8164,"43448 Darrell Ford Suite 759
West Jeremyville, KS 59632",N,hours
50,Gina Bowman,858-10-9540,"0716 Jennifer Haven
West Chelseaville, MT 19252",N,miles
51,Erin Torres,507-88-0406,"0682 Jennifer Cove
West Lisa, WV 98401",N,miles
52,Gregory Davis,559-97-0304,"9386 Connor Lodge Suite 720
Derekside, CT 54248",Y,miles
53,Donna Barton,185-23-6510,"1552 Long Ports Apt. 197
Bobbyport, UT 88666",Y,hours
54,Daryl Huff,556-40-0366,"660 Nathaniel Rest
Dennisfort, NM 48933",Y,miles
55,Stephanie Lewis,398-07-6170,"983 Justin Canyon
North Marie, IL 56250",Y,miles
56,Charles Miller,564-06-6855,"9348 Dunlap Field
East Danielland, AK 02518",Y,miles
57,Christopher Smith,783-66-4752,"68308 Michelle Court Suite 290
Lake Danielland, MN 94760",Y,hours
58,Jill Ibarra,757-72-8889,"8263 Nelson Club
East Codychester, MO 94332",N,miles
59,Randy Sullivan,353-80-6249,"05813 Carrie Pine
Perezchester, FL 92495",Y,miles
60,Erika Wyatt,109-69-4316,"753 Abigail Fort
Juliefort, AZ 48502",N,miles
61,Rachel Cruz,270-27-8839,"1524 Julia Walk
Port Shannonborough, VI 74823",N,miles
62,Jeffrey Mata,545-68-1232,"34101 Calvin Neck
Beardmouth, NY 09724",N,hours
63,Craig Eaton,405-24-0799,"5924 Christopher Brook
Caldwellview, NH 93844",Y,miles
64,Jose Elliott,165-73-9048,"14168 Michele Walk Apt. 601
Carrbury, VI 27407",Y,miles
65,Mikayla Payne,720-23-7247,"603 Martinez Extension
Vickietown, DC 55006",N,hours
66,David Salazar,224-91-7518,"295 Krystal Fork Apt. 189
West Kevinmouth, SC 22532",Y,miles
67,Richard Stanley,100-98-8784,"7009 Johnson Common
Port Lonnieview, SC 80448",Y,hours
68,Kathryn Kelly,818-37-3766,"45648 Lee Shoal
Jacksonfort, SC 13978",N,miles
69,Clayton Clark,724-32-4439,"078 Earl Estates Apt. 824
East Johnland, NV 37928",N,hours
70,Michael Clay,573-12-6779,"63288 Jones Key Apt. 448
Josephview, ID 59644",N,hours
71,Sean Woods,039-05-4444,"USNS Peterson
FPO AE 81107",Y,miles
72,Sheryl Perez,407-99-6056,"5526 Small Loaf
New Thomas, AK 11992",N,miles
73,Brent Schwartz,736-29-9362,"92160 Debbie Mountains Suite 329
New Dominiquestad, DC 14377",N,miles
74,Rebekah Parker,312-98-0150,"667 Kemp Hollow Suite 231
Lake Kathleen, AR 24374",N,hours
75,Austin Le,199-74-7178,"798 Hardy Way Apt. 133
Lake Melissafurt, KY 18530",Y,miles
76,Roger Shaw,170-82-4893,"19458 Torres Inlet Apt. 692
Watkinshaven, VI 38302",N,miles
77,Marissa Gardner,769-36-4942,"451 Anderson Ridge
Cisnerosside, NJ 98524",Y,hours
78,Gabriel Mitchell,718-74-3050,"466 Michael Center Suite 480
Feliciaborough, MP 58952",Y,miles
79,Barbara Johnson,403-85-7796,"83655 Jacqueline Road
New Aaron, SD 31675",N,miles
80,Tyler Bradley,017-14-3818,"230 Singh Summit Apt. 218
Lopezberg, WY 52297",N,miles
81,Mark Jones,318-98-4061,"920 Johnathan Greens Apt. 763
South Christopher, SD 29675",Y,miles
82,Mrs. Laura Martinez,180-86-8078,"916 Rodriguez Manors Suite 738
Williamview, NM 65698",N,miles
83,Gabrielle Reyes,634-26-6229,"451 Kelsey Crescent
North Christineberg, OH 46206",Y,miles
84,Cheryl Herring,558-60-2554,"89922 Joseph Underpass Suite 533
West Karenview, NM 34952",Y,hours
85,Darrell Guzman,492-73-2227,"2822 Kemp Plain Suite 951
East Joshua, MP 27065",Y,miles
86,Karen Cortez,340-81-1801,"2661 Michael Orchard Apt. 521
Port Natasha, NY 47662",Y,miles
87,Jennifer Simpson,202-27-6458,"69400 Andrew Ways Apt. 599
Andrewton, GU 01255",N,hours
88,Anthony Vazquez,397-27-9130,"4871 Perry Extension Apt. 737
Foleybury, VI 42629",Y,hours
89,Allison Schultz,571-43-1868,"1466 Clay Walk Suite 665
Port Michaelfort, OR 42718",Y,hours
90,Michael Wolf,019-90-5181,"06681 Kenneth Inlet
Sanfordshire, OR 39851",N,hours
91,Maria Edwards,265-47-3187,"98484 Christopher Mill
Nataliefurt, FL 36796",N,hours
92,Kevin Daniels,629-48-0776,"64398 Kayla Lake
Troyfort, HI 98480",N,hours
93,Steven Rhodes MD,587-73-4536,"300 Benjamin Wall Apt. 173
Port Jared, KY 89873",Y,miles
94,Erica Little,412-04-6326,"141 Ellis Crest
Davidtown, AL 71116",Y,hours
95,Adrian Romero,150-76-6854,"6278 Elizabeth Gateway Apt. 517
North Mario, VT 77293",N,miles
96,Cynthia Ray,605-34-8052,"66145 Martinez Lights
Lunaside, OH 73478",N,hours
97,Jerry Evans,538-75-7579,"356 Mitchell Inlet Suite 096
Juanport, UT 04397",Y,miles
98,Stephanie Warner DDS,688-70-2867,"755 James Coves Suite 412
Christensenport, AS 61951",N,hours
99,Kristen Arias,822-98-1396,"05208 Kelly Via Suite 647
Vincentton, OK 52277",Y,hours
100,Joseph Lane,401-21-0174,"4216 Riley Glen
Danafort, LA 74244",N,hours
101,Steven Hicks,306-07-0099,"8004 Kevin Centers
New Samuel, AK 76567",Y,miles
102,William Rosales,252-83-2277,"381 Doyle Rue
West Jennifer, OH 38135",N,hours
103,Joanne Russell,276-08-7910,"174 Lori Orchard Apt. 822
Burketon, MP 57843",Y,miles
104,Kellie Lopez,564-33-0679,"20401 Parker Glens Suite 934
West Melissa, VI 55050",Y,hours
105,Nicole Peters,699-88-8282,"0682 Bonnie Isle Apt. 854
Loweryberg, UT 14675",N,miles
106,Mark Knight,279-73-0447,"4886 Lonnie Walks Apt. 083
West Michael, PA 55206",N,hours
107,Alyssa Dickerson,621-28-3373,"USCGC Murphy
FPO AP 83373",Y,miles
108,Kristina Rivera,460-67-7211,"95539 Padilla Gateway
New Erica, PW 07128",N,hours
109,Ashley Miller,050-04-9867,"86501 Mary Pine Suite 634
Matthewville, OK 23854",N,miles
